Index,First Name,Last Name,Email
1,Shelby,Terrell,elijah57@example.net
2,Phillip,Summers,bethany14@example.com
3,Kristine,Travis,bthompson@example.com
4,Yesenia,Martinez,kaitlinkaiser@example.com
5,Lori,Todd,buchananmanuel@example.net
6,Erin,Day,tconner@example.org
7,Katherine,Buck,conniecowan@example.com
8,Ricardo,Hinton,wyattbishop@example.com
9,Dave,Farrell,nmccann@example.net
10,Isaiah,Downs,virginiaterrell@example.org
11,Sheila,Ross,huangcathy@example.com
12,Stacy,Newton,rayleroy@example.org
13,Mandy,Blake,jefferynoble@example.org
14,Bridget,Nash,mercedes44@example.com
15,Crystal,Farmer,pmiranda@example.org
16,Thomas,Knight,braunpriscilla@example.net
17,Maurice,Rangel,sheenabanks@example.com
18,Frank,Meadows,gbrewer@example.org
19,Alvin,Paul,gilbertdonaldson@example.com
20,Jared,Mitchell,jcortez@example.com
21,Jacqueline,Norton,carias@example.net
22,Colleen,Hatfield,fknox@example.org
23,Randy,Barnes,huangbill@example.org
24,Janice,Rhodes,juarezdominique@example.net
25,Alfred,Mcneil,cassandramorris@example.com
26,Sean,Levine,sallymiller@example.net
27,Louis,Payne,bsullivan@example.net
28,Brittney,Vega,ayalajose@example.net
29,Judy,Buckley,irosales@example.net
30,Norman,Weber,mconrad@example.com
31,Isaiah,Camacho,jimblake@example.org
32,Jacqueline,Gallagher,nsampson@example.net
33,Bonnie,Andrews,caitlin24@example.net
34,Brandon,Schmidt,mconley@example.net
35,Jackson,Sparks,reynoldsdarryl@example.net
36,Melody,Cook,jeannovak@example.org
37,Leonard,Hurst,clinton78@example.org
38,Gene,Rich,luisdeleon@example.org
39,Cynthia,Wiggins,rosariodave@example.org
40,Tanya,Mckinney,vickihouston@example.com
41,Matthew,Stone,evelyn31@example.org
42,Kirk,Walsh,stephenfuller@example.org
43,Willie,Vang,haleymathews@example.net
44,Miguel,Hill,tyrone56@example.org
45,Darren,Andrews,lhernandez@example.com
46,Haley,Pugh,molly03@example.org
47,Danielle,Estrada,jvang@example.org
48,Becky,Brady,erikmueller@example.org
49,Caitlyn,Frey,rivasdominique@example.org
