index,first_name,last_name
1,Shelby,Terrell
2,Phillip,Summers
3,Kristine,Travis
4,Yesenia,Martinez
5,Lori,Todd
6,Erin,Day
7,Katherine,Buck
8,Ricardo,Hinton
9,Dave,Farrell
10,Isaiah,Downs
11,Sheila,Ross
12,Stacy,Newton
13,Mandy,Blake
14,Bridget,Nash
15,Crystal,Farmer
16,Thomas,Knight
17,Maurice,Rangel
18,Frank,Meadows
19,Alvin,Paul
20,Jared,Mitchell
21,Jacqueline,Norton
22,Colleen,Hatfield
23,Randy,Barnes
24,Janice,Rhodes
25,Alfred,Mcneil
26,Sean,Levine
27,Louis,Payne
28,Brittney,Vega
29,Judy,Buckley
30,Norman,Weber
31,Isaiah,Camacho
32,Jacqueline,Gallagher
33,Bonnie,Andrews
34,Brandon,Schmidt
35,Jackson,Sparks
36,Melody,Cook
37,Leonard,Hurst
38,Gene,Rich
39,Cynthia,Wiggins
40,Tanya,Mckinney
41,Matthew,Stone
42,Kirk,Walsh
43,Willie,Vang
44,Miguel,Hill
45,Darren,Andrews
46,Haley,Pugh
47,Danielle,Estrada
48,Becky,Brady
49,Caitlyn,Frey
